prediction_id,feedback_timestamp,verdict
pred_000003,2025-09-29T01:16:00,legit
pred_000006,2025-09-16T02:37:00,legit
pred_000007,2025-09-21T04:29:00,legit
pred_000009,2025-09-23T04:40:00,legit
pred_000016,2025-09-29T06:56:00,legit
pred_000019,2025-09-19T07:04:00,legit
pred_000022,2025-09-28T08:23:00,legit
pred_000027,2025-09-28T11:11:00,legit
pred_000029,2025-09-30T11:43:00,legit
pred_000031,2025-09-13T12:21:00,legit
pred_000033,2025-09-24T12:44:00,legit
pred_000036,2025-09-22T16:23:00,legit
pred_000041,2025-09-18T17:41:00,legit
pred_000044,2025-09-27T18:26:00,legit
pred_000045,2025-09-19T19:16:00,unclear
pred_000047,2025-09-12T19:24:00,legit
pred_000048,2025-09-13T19:51:00,legit
pred_000052,2025-09-29T20:49:00,legit
pred_000053,2025-09-15T21:24:00,fraud
pred_000056,2025-09-20T22:50:00,legit
pred_000060,2025-09-09T01:06:00,legit
pred_000061,2025-09-09T01:13:00,legit
pred_000062,2025-09-15T01:28:00,unclear
pred_000064,2025-09-19T02:09:00,legit
pred_000065,2025-09-09T02:48:00,legit
pred_000069,2025-09-19T03:28:00,legit
pred_000070,2025-09-12T04:38:00,legit
pred_000071,2025-09-13T05:05:00,legit
pred_000073,2025-09-14T05:34:00,legit
pred_000076,2025-09-18T06:17:00,legit
pred_000078,2025-09-23T06:49:00,legit
pred_000081,2025-09-21T08:33:00,legit
pred_000082,2025-10-02T08:37:00,legit
pred_000083,2025-09-15T08:41:00,legit
pred_000085,2025-09-28T09:11:00,legit
pred_000090,2025-09-20T10:30:00,legit
pred_000095,2025-09-19T12:45:00,legit
pred_000097,2025-10-02T13:52:00,legit
pred_000104,2025-09-28T17:04:00,legit
pred_000105,2025-09-09T17:10:00,legit
pred_000109,2025-09-25T18:21:00,legit
pred_000112,2025-09-26T18:56:00,legit
pred_000114,2025-09-25T19:43:00,unclear
pred_000117,2025-09-19T20:29:00,legit
pred_000119,2025-09-15T21:42:00,legit
pred_000125,2025-09-14T00:36:00,unclear
pred_000126,2025-09-12T00:54:00,legit
pred_000129,2025-10-01T03:36:00,legit
pred_000134,2025-09-16T05:20:00,legit
pred_000136,2025-09-27T06:09:00,legit
pred_000137,2025-09-24T06:25:00,legit
pred_000138,2025-09-16T06:56:00,legit
pred_000140,2025-09-21T07:42:00,legit
pred_000142,2025-09-19T08:51:00,legit
pred_000143,2025-09-23T09:08:00,legit
pred_000144,2025-09-20T09:39:00,legit
pred_000147,2025-09-12T11:56:00,legit
pred_000151,2025-09-23T12:36:00,legit
pred_000152,2025-09-27T12:53:00,legit
pred_000158,2025-09-26T16:52:00,legit
pred_000161,2025-09-15T17:33:00,legit
pred_000164,2025-09-10T19:25:00,legit
pred_000169,2025-09-27T22:19:00,legit
pred_000174,2025-09-25T23:19:00,legit
pred_000176,2025-10-02T23:26:00,legit
pred_000180,2025-10-04T01:14:00,legit
pred_000183,2025-09-15T02:15:00,legit
pred_000186,2025-09-26T03:57:00,legit
pred_000188,2025-09-18T04:04:00,legit
pred_000189,2025-09-15T04:06:00,legit
pred_000195,2025-10-03T06:05:00,legit
pred_000201,2025-09-23T08:53:00,legit
pred_000203,2025-10-01T10:06:00,legit
pred_000204,2025-09-29T10:12:00,fraud
pred_000205,2025-10-03T10:38:00,legit
pred_000207,2025-09-30T11:26:00,legit
pred_000208,2025-09-14T12:12:00,legit
pred_000210,2025-09-14T12:40:00,legit
pred_000214,2025-09-15T13:57:00,legit
pred_000215,2025-09-25T14:20:00,legit
pred_000216,2025-09-28T15:32:00,legit
pred_000221,2025-09-13T18:55:00,legit
pred_000222,2025-10-01T18:57:00,legit
pred_000223,2025-09-13T19:28:00,legit
pred_000228,2025-09-12T21:29:00,legit
pred_000230,2025-09-15T22:33:00,legit
pred_000231,2025-09-16T22:50:00,fraud
pred_000232,2025-10-03T22:54:00,legit
pred_000237,2025-09-18T01:31:00,fraud
pred_000239,2025-09-28T02:01:00,unclear
pred_000240,2025-10-03T02:35:00,fraud
pred_000241,2025-10-04T02:36:00,legit
pred_000242,2025-10-02T02:59:00,legit
pred_000243,2025-09-19T03:05:00,legit
pred_000244,2025-09-24T03:06:00,legit
pred_000245,2025-09-29T03:22:00,legit
pred_000250,2025-09-25T04:46:00,legit
pred_000251,2025-09-18T05:38:00,legit
pred_000258,2025-09-20T10:51:00,legit
pred_000261,2025-10-05T11:16:00,legit
pred_000262,2025-09-20T11:36:00,legit
pred_000264,2025-09-27T12:11:00,legit
pred_000267,2025-09-21T13:31:00,legit
pred_000269,2025-10-02T13:43:00,legit
pred_000273,2025-09-19T14:57:00,legit
pred_000275,2025-10-01T16:48:00,legit
pred_000276,2025-09-12T16:52:00,legit
pred_000278,2025-09-22T17:09:00,legit
pred_000282,2025-09-15T17:59:00,legit
pred_000284,2025-09-12T19:06:00,legit
pred_000285,2025-09-15T19:21:00,legit
pred_000286,2025-09-16T19:40:00,legit
pred_000287,2025-10-05T21:20:00,legit
pred_000288,2025-09-30T21:42:00,legit
pred_000289,2025-09-19T22:19:00,legit
pred_000290,2025-09-16T22:24:00,legit
pred_000291,2025-09-25T22:26:00,legit
pred_000294,2025-09-21T23:00:00,legit
pred_000295,2025-09-22T23:19:00,legit
pred_000298,2025-10-01T00:46:00,legit
pred_000300,2025-09-30T01:38:00,legit
pred_000302,2025-09-21T02:29:00,legit
pred_000303,2025-10-04T02:35:00,legit
pred_000304,2025-09-20T02:37:00,legit
pred_000305,2025-09-18T03:00:00,legit
pred_000307,2025-09-25T03:26:00,legit
pred_000309,2025-09-21T03:45:00,legit
pred_000310,2025-10-04T04:03:00,legit
pred_000311,2025-09-15T04:48:00,legit
pred_000312,2025-09-30T05:21:00,legit
pred_000316,2025-10-05T07:26:00,legit
pred_000320,2025-09-14T08:19:00,legit
pred_000325,2025-09-21T09:12:00,legit
pred_000326,2025-10-05T09:30:00,legit
pred_000331,2025-09-16T11:52:00,legit
pred_000336,2025-09-25T13:15:00,legit
pred_000337,2025-09-17T13:34:00,fraud
pred_000343,2025-09-17T16:08:00,legit
pred_000346,2025-09-20T16:50:00,legit
pred_000348,2025-10-04T17:47:00,legit
pred_000352,2025-09-29T19:00:00,legit
pred_000353,2025-09-24T19:11:00,legit
pred_000354,2025-09-23T20:26:00,legit
pred_000355,2025-09-24T21:03:00,legit
pred_000357,2025-09-16T22:06:00,legit
pred_000360,2025-09-29T22:23:00,legit
pred_000361,2025-09-25T22:33:00,legit
pred_000362,2025-10-01T22:42:00,legit
pred_000368,2025-10-05T00:00:00,legit
pred_000369,2025-09-23T00:06:00,legit
pred_000370,2025-09-28T00:11:00,legit
pred_000371,2025-09-17T00:19:00,fraud
pred_000372,2025-10-03T00:24:00,legit
pred_000374,2025-10-01T00:49:00,legit
pred_000375,2025-09-20T01:35:00,legit
pred_000380,2025-09-15T03:51:00,legit
pred_000383,2025-09-15T04:18:00,legit
pred_000385,2025-09-29T04:42:00,legit
pred_000386,2025-09-16T05:00:00,unclear
pred_000388,2025-09-19T05:34:00,legit
pred_000393,2025-09-28T06:56:00,legit
pred_000396,2025-10-03T07:34:00,legit
pred_000397,2025-09-15T07:37:00,unclear
pred_000399,2025-09-14T08:13:00,legit
pred_000401,2025-09-14T08:51:00,legit
pred_000403,2025-09-22T09:11:00,legit
pred_000404,2025-09-29T10:02:00,legit
pred_000408,2025-09-28T13:07:00,legit
pred_000409,2025-09-16T13:38:00,legit
pred_000411,2025-10-05T14:18:00,legit
pred_000413,2025-09-29T15:25:00,legit
pred_000420,2025-10-01T18:14:00,legit
pred_000422,2025-09-29T18:53:00,legit
pred_000426,2025-09-28T20:13:00,legit
pred_000427,2025-09-16T20:16:00,legit
pred_000428,2025-09-19T20:52:00,legit
pred_000431,2025-10-05T22:34:00,legit
pred_000433,2025-09-17T23:23:00,legit
pred_000434,2025-09-26T23:30:00,legit
pred_000435,2025-10-03T23:41:00,legit
pred_000438,2025-09-24T01:05:00,legit
pred_000439,2025-10-02T01:45:00,legit
pred_000441,2025-09-20T03:14:00,legit
pred_000442,2025-10-03T03:29:00,legit
pred_000445,2025-10-03T07:22:00,legit
pred_000446,2025-10-02T07:31:00,legit
pred_000448,2025-09-24T08:06:00,legit
pred_000455,2025-09-28T12:43:00,fraud
pred_000456,2025-10-02T13:09:00,legit
pred_000458,2025-09-23T13:18:00,legit
pred_000463,2025-09-22T15:35:00,legit
pred_000466,2025-10-07T18:09:00,legit
pred_000468,2025-09-23T18:36:00,legit
pred_000470,2025-09-27T19:27:00,legit
pred_000472,2025-09-30T19:33:00,legit
pred_000473,2025-09-21T19:41:00,legit
pred_000474,2025-09-16T19:58:00,legit
pred_000475,2025-09-15T19:59:00,legit
pred_000477,2025-09-25T20:10:00,legit
pred_000478,2025-09-20T20:27:00,legit
pred_000480,2025-09-16T21:14:00,fraud
pred_000481,2025-09-27T21:37:00,legit
pred_000483,2025-09-22T22:04:00,legit
pred_000485,2025-09-27T22:33:00,legit
pred_000493,2025-10-09T02:29:00,legit
pred_000494,2025-09-23T02:30:00,legit
pred_000497,2025-09-25T03:18:00,fraud
pred_000499,2025-09-23T03:40:00,legit
pred_000500,2025-10-01T04:08:00,legit
pred_000501,2025-09-24T04:37:00,legit
pred_000507,2025-09-23T06:24:00,legit
pred_000508,2025-10-04T07:07:00,legit
pred_000509,2025-09-18T07:50:00,legit
pred_000511,2025-09-20T08:08:00,legit
pred_000513,2025-09-27T08:30:00,legit
pred_000514,2025-09-30T08:31:00,legit
pred_000517,2025-09-25T09:19:00,legit
pred_000518,2025-09-17T10:01:00,legit
pred_000522,2025-09-29T11:48:00,legit
pred_000523,2025-10-03T12:17:00,legit
pred_000525,2025-09-16T13:28:00,legit
pred_000528,2025-09-17T14:46:00,unclear
pred_000530,2025-09-19T15:53:00,fraud
pred_000535,2025-09-17T16:52:00,legit
pred_000537,2025-09-24T17:18:00,legit
pred_000542,2025-09-29T18:26:00,legit
pred_000543,2025-09-26T18:28:00,legit
pred_000547,2025-10-07T20:45:00,legit
pred_000548,2025-09-25T21:34:00,legit
pred_000549,2025-09-23T21:36:00,legit
pred_000550,2025-10-05T21:55:00,legit
pred_000552,2025-09-30T22:06:00,legit
pred_000555,2025-09-19T23:58:00,fraud
pred_000556,2025-10-01T00:00:00,legit
pred_000557,2025-10-03T00:49:00,legit
pred_000559,2025-09-20T01:05:00,legit
pred_000562,2025-10-02T02:22:00,legit
pred_000565,2025-10-03T02:47:00,legit
pred_000567,2025-09-26T03:39:00,legit
pred_000571,2025-09-26T05:10:00,legit
pred_000572,2025-09-23T05:29:00,legit
pred_000576,2025-09-29T06:29:00,legit
pred_000579,2025-09-22T07:20:00,legit
pred_000581,2025-09-23T08:14:00,legit
pred_000582,2025-09-18T08:15:00,legit
pred_000584,2025-09-26T09:34:00,legit
pred_000585,2025-10-05T09:55:00,legit
pred_000587,2025-10-08T10:02:00,legit
pred_000588,2025-09-25T10:14:00,legit
pred_000591,2025-09-18T10:51:00,legit
pred_000592,2025-10-01T10:53:00,legit
pred_000594,2025-10-01T11:21:00,legit
pred_000595,2025-10-07T11:45:00,legit
pred_000596,2025-09-17T12:42:00,legit
pred_000598,2025-10-08T12:56:00,legit
pred_000600,2025-10-06T13:23:00,legit
pred_000603,2025-09-29T15:10:00,legit
pred_000604,2025-09-21T15:13:00,legit
pred_000609,2025-09-18T18:09:00,fraud
pred_000610,2025-09-27T18:17:00,legit
pred_000611,2025-09-18T18:22:00,legit
pred_000616,2025-09-28T19:58:00,legit
pred_000617,2025-09-24T20:23:00,legit
pred_000618,2025-09-21T20:44:00,legit
pred_000621,2025-09-22T22:37:00,legit
pred_000624,2025-10-07T23:17:00,legit
pred_000625,2025-10-10T00:04:00,legit
pred_000626,2025-09-28T00:18:00,fraud
pred_000628,2025-09-21T00:27:00,legit
pred_000629,2025-09-19T00:32:00,legit
pred_000634,2025-09-27T02:57:00,legit
pred_000635,2025-10-08T03:28:00,legit
pred_000637,2025-09-25T04:29:00,legit
pred_000638,2025-09-24T04:31:00,fraud
pred_000644,2025-09-26T06:26:00,legit
pred_000645,2025-09-28T06:32:00,legit
pred_000647,2025-09-24T07:03:00,legit
pred_000649,2025-09-19T07:10:00,legit
pred_000651,2025-09-26T07:46:00,legit
pred_000653,2025-10-08T07:52:00,legit
pred_000654,2025-10-06T08:01:00,legit
pred_000655,2025-10-04T08:24:00,legit
pred_000658,2025-10-06T10:25:00,legit
pred_000659,2025-10-10T11:03:00,legit
pred_000662,2025-10-06T11:22:00,legit
pred_000663,2025-10-04T11:28:00,legit
pred_000664,2025-09-20T11:43:00,legit
pred_000667,2025-10-11T12:11:00,legit
pred_000670,2025-10-05T13:59:00,legit
pred_000677,2025-10-06T16:39:00,unclear
pred_000678,2025-10-05T16:41:00,legit
pred_000682,2025-09-20T18:10:00,legit
pred_000683,2025-10-08T18:49:00,legit
pred_000684,2025-09-21T19:29:00,legit
pred_000685,2025-10-09T19:57:00,legit
pred_000686,2025-10-07T20:00:00,fraud
pred_000687,2025-10-09T20:49:00,legit
pred_000690,2025-09-19T21:43:00,legit
pred_000691,2025-10-08T21:43:00,legit
pred_000696,2025-09-25T23:23:00,legit
pred_000699,2025-10-07T00:22:00,legit
pred_000700,2025-10-12T00:30:00,fraud
pred_000701,2025-10-05T00:52:00,legit
pred_000702,2025-09-25T00:53:00,legit
pred_000703,2025-09-20T00:56:00,legit
pred_000705,2025-10-09T01:26:00,legit
pred_000709,2025-10-04T02:30:00,fraud
pred_000711,2025-10-01T04:34:00,legit
pred_000712,2025-10-05T05:30:00,legit
pred_000713,2025-09-23T05:43:00,legit
pred_000714,2025-09-24T05:43:00,legit
pred_000721,2025-09-22T07:36:00,legit
pred_000722,2025-10-09T07:54:00,legit
pred_000724,2025-09-20T08:16:00,legit
pred_000727,2025-09-27T08:42:00,fraud
pred_000731,2025-10-01T11:09:00,legit
pred_000732,2025-10-06T11:27:00,legit
pred_000734,2025-10-10T11:39:00,fraud
pred_000735,2025-09-28T11:56:00,legit
pred_000736,2025-09-28T12:02:00,legit
pred_000737,2025-10-12T12:11:00,legit
pred_000739,2025-09-22T12:53:00,legit
pred_000741,2025-09-23T13:53:00,legit
pred_000745,2025-09-23T14:56:00,legit
pred_000748,2025-09-28T16:05:00,fraud
pred_000754,2025-09-24T17:52:00,legit
pred_000757,2025-09-24T18:16:00,legit
pred_000760,2025-09-22T19:12:00,legit
pred_000764,2025-09-25T20:29:00,legit
pred_000765,2025-09-27T21:22:00,legit
pred_000766,2025-10-02T21:36:00,legit
pred_000767,2025-10-12T22:00:00,legit
pred_000773,2025-09-28T00:50:00,legit
pred_000780,2025-10-03T02:59:00,legit
pred_000783,2025-09-28T03:47:00,legit
pred_000784,2025-10-02T04:10:00,legit
pred_000788,2025-10-06T06:11:00,legit
pred_000792,2025-09-26T07:24:00,unclear
pred_000796,2025-09-29T08:34:00,legit
pred_000798,2025-09-27T09:08:00,legit
pred_000799,2025-10-12T09:31:00,legit
pred_000801,2025-09-26T10:07:00,legit
pred_000802,2025-09-30T10:09:00,unclear
pred_000803,2025-09-28T10:33:00,legit
pred_000806,2025-09-25T12:29:00,legit
pred_000808,2025-10-05T13:09:00,legit
pred_000810,2025-10-06T13:23:00,legit
pred_000813,2025-09-27T14:00:00,legit
pred_000814,2025-09-25T14:09:00,legit
pred_000816,2025-09-20T16:03:00,legit
pred_000818,2025-09-26T16:55:00,legit
pred_000823,2025-10-11T18:26:00,legit
pred_000828,2025-09-24T20:59:00,legit
pred_000831,2025-10-10T23:03:00,fraud
pred_000834,2025-09-30T01:38:00,legit
pred_000836,2025-10-09T02:26:00,legit
pred_000837,2025-09-28T02:53:00,legit
pred_000838,2025-09-26T03:08:00,legit
pred_000840,2025-09-27T04:02:00,legit
pred_000841,2025-09-30T04:13:00,legit
pred_000843,2025-09-22T05:44:00,legit
pred_000844,2025-10-02T05:49:00,legit
pred_000845,2025-10-14T06:31:00,legit
pred_000850,2025-10-05T08:01:00,unclear
pred_000854,2025-10-11T09:31:00,fraud
pred_000856,2025-09-30T10:00:00,legit
pred_000862,2025-10-12T13:33:00,legit
pred_000864,2025-10-06T13:38:00,legit
pred_000870,2025-10-07T14:54:00,legit
pred_000874,2025-10-08T15:57:00,legit
pred_000875,2025-09-23T16:56:00,legit
pred_000877,2025-10-03T18:00:00,legit
pred_000879,2025-10-14T18:58:00,legit
pred_000881,2025-09-27T19:17:00,legit
pred_000883,2025-09-28T19:45:00,legit
pred_000886,2025-10-05T21:38:00,fraud
pred_000888,2025-10-04T22:13:00,legit
pred_000892,2025-10-12T23:40:00,legit
pred_000897,2025-09-26T01:48:00,unclear
pred_000898,2025-09-29T02:24:00,legit
pred_000899,2025-09-29T02:50:00,legit
pred_000903,2025-09-29T04:24:00,legit
pred_000904,2025-10-10T04:25:00,legit
pred_000906,2025-10-02T05:25:00,legit
pred_000907,2025-09-30T05:52:00,legit
pred_000910,2025-09-26T07:21:00,legit
pred_000911,2025-09-24T07:51:00,legit
pred_000912,2025-10-07T08:14:00,unclear
pred_000913,2025-10-08T08:28:00,fraud
pred_000919,2025-10-07T11:33:00,legit
pred_000921,2025-10-09T11:46:00,fraud
pred_000925,2025-09-23T13:00:00,legit
pred_000926,2025-09-25T13:16:00,legit
pred_000927,2025-10-07T13:30:00,legit
pred_000931,2025-09-26T15:12:00,legit
pred_000932,2025-09-23T15:23:00,legit
pred_000934,2025-09-23T15:54:00,legit
pred_000935,2025-10-02T17:25:00,unclear
pred_000936,2025-10-02T18:12:00,legit
pred_000938,2025-10-12T19:03:00,fraud
pred_000940,2025-10-06T19:09:00,legit
pred_000944,2025-09-24T19:57:00,legit
pred_000945,2025-10-06T20:30:00,legit
pred_000948,2025-10-10T22:07:00,legit
pred_000949,2025-10-08T22:12:00,legit
pred_000951,2025-09-22T22:35:00,legit
pred_000952,2025-10-05T22:58:00,legit
pred_000953,2025-10-15T23:38:00,unclear
pred_000954,2025-10-03T00:22:00,legit
pred_000957,2025-10-08T01:23:00,legit
pred_000960,2025-10-09T02:10:00,legit
pred_000962,2025-10-13T02:37:00,legit
pred_000963,2025-10-16T02:45:00,legit
pred_000964,2025-10-03T02:57:00,legit
pred_000967,2025-10-07T04:59:00,legit
pred_000970,2025-10-12T07:12:00,legit
pred_000972,2025-10-02T07:18:00,legit
pred_000976,2025-10-09T08:18:00,legit
pred_000977,2025-10-08T08:32:00,legit
pred_000980,2025-10-09T09:57:00,legit
pred_000981,2025-09-25T10:23:00,legit
pred_000982,2025-09-27T10:34:00,legit
pred_000986,2025-10-13T12:58:00,legit
pred_000987,2025-09-29T13:36:00,legit
pred_000995,2025-10-11T15:37:00,legit
pred_000998,2025-10-02T17:33:00,fraud
pred_001003,2025-10-14T19:34:00,legit
pred_001006,2025-10-02T20:38:00,unclear
pred_001007,2025-10-12T20:49:00,legit
pred_001009,2025-10-16T21:13:00,legit
pred_001010,2025-10-07T21:16:00,fraud
pred_001012,2025-09-27T22:05:00,legit
pred_001017,2025-10-16T23:37:00,legit
pred_001018,2025-09-29T00:00:00,legit
pred_001019,2025-09-29T00:22:00,legit
pred_001020,2025-10-14T00:57:00,legit
pred_001021,2025-09-24T01:40:00,legit
pred_001023,2025-09-27T03:09:00,legit
pred_001024,2025-10-15T03:22:00,legit
pred_001025,2025-09-29T03:26:00,legit
pred_001027,2025-10-12T03:40:00,legit
pred_001028,2025-10-04T03:49:00,legit
pred_001031,2025-09-26T05:40:00,legit
pred_001035,2025-10-03T07:23:00,legit
pred_001040,2025-10-13T08:01:00,legit
pred_001041,2025-10-11T08:32:00,legit
pred_001042,2025-09-24T08:44:00,legit
pred_001044,2025-10-04T08:50:00,legit
pred_001046,2025-09-26T09:56:00,legit
pred_001051,2025-09-27T12:19:00,legit
pred_001055,2025-09-27T13:07:00,legit
pred_001056,2025-10-14T13:12:00,legit
pred_001057,2025-10-10T13:26:00,legit
pred_001059,2025-09-28T14:00:00,legit
pred_001061,2025-10-16T14:01:00,legit
pred_001062,2025-09-26T14:24:00,fraud
pred_001065,2025-09-24T16:22:00,legit
pred_001071,2025-10-14T18:41:00,legit
pred_001074,2025-09-26T19:13:00,fraud
pred_001075,2025-09-26T20:01:00,unclear
pred_001076,2025-09-26T20:13:00,legit
pred_001077,2025-10-01T20:33:00,unclear
pred_001078,2025-10-10T20:37:00,legit
pred_001081,2025-10-08T21:29:00,legit
pred_001088,2025-10-06T01:30:00,legit
pred_001090,2025-10-07T03:23:00,legit
pred_001091,2025-10-13T03:34:00,legit
pred_001093,2025-10-02T03:36:00,legit
pred_001095,2025-09-28T03:54:00,legit
pred_001096,2025-10-14T04:04:00,legit
pred_001098,2025-09-26T05:04:00,legit
pred_001099,2025-09-29T05:06:00,legit
pred_001100,2025-10-03T05:53:00,legit
pred_001101,2025-10-07T05:58:00,legit
pred_001103,2025-10-04T06:41:00,legit
pred_001105,2025-09-30T07:01:00,legit
pred_001106,2025-10-07T07:35:00,legit
pred_001107,2025-10-18T07:43:00,legit
pred_001108,2025-10-14T07:47:00,legit
pred_001109,2025-09-28T07:54:00,legit
pred_001110,2025-10-10T07:59:00,legit
pred_001112,2025-10-04T08:28:00,legit
pred_001114,2025-10-06T08:40:00,fraud
pred_001116,2025-09-28T08:54:00,legit
pred_001117,2025-10-03T09:40:00,unclear
pred_001118,2025-09-26T09:49:00,legit
pred_001119,2025-10-12T10:11:00,legit
pred_001122,2025-10-03T12:13:00,legit
pred_001123,2025-09-27T12:23:00,fraud
pred_001124,2025-10-18T12:28:00,legit
pred_001126,2025-10-18T12:32:00,unclear
pred_001127,2025-10-17T12:38:00,legit
pred_001128,2025-09-25T12:38:00,legit
pred_001129,2025-09-26T12:55:00,legit
pred_001136,2025-09-28T14:34:00,fraud
pred_001137,2025-10-12T14:52:00,legit
pred_001142,2025-10-07T17:28:00,legit
pred_001151,2025-10-07T19:43:00,legit
pred_001155,2025-10-11T20:28:00,legit
pred_001157,2025-09-29T22:04:00,fraud
pred_001158,2025-10-13T22:25:00,legit
pred_001160,2025-10-15T22:37:00,legit
pred_001164,2025-10-14T00:38:00,fraud
pred_001165,2025-10-11T00:55:00,unclear
pred_001168,2025-10-16T01:40:00,legit
pred_001172,2025-09-29T02:25:00,legit
pred_001173,2025-10-08T02:38:00,legit
pred_001175,2025-09-30T02:53:00,legit
pred_001177,2025-09-29T02:56:00,legit
pred_001178,2025-10-15T02:56:00,legit
pred_001181,2025-09-29T04:52:00,legit
pred_001184,2025-10-08T05:52:00,legit
pred_001186,2025-10-04T06:50:00,legit
pred_001187,2025-10-08T07:06:00,legit
pred_001189,2025-10-14T07:50:00,legit
pred_001190,2025-10-07T07:55:00,fraud
pred_001191,2025-09-27T08:08:00,legit
pred_001192,2025-10-14T08:10:00,legit
pred_001194,2025-10-18T10:14:00,legit
pred_001195,2025-10-12T10:16:00,legit
pred_001199,2025-10-13T11:37:00,legit
pred_001201,2025-10-05T12:04:00,legit
pred_001204,2025-10-10T12:44:00,legit
pred_001208,2025-09-26T14:29:00,legit
pred_001209,2025-09-26T14:52:00,legit
pred_001210,2025-10-12T15:57:00,legit
pred_001211,2025-09-29T16:25:00,legit
pred_001212,2025-10-16T16:31:00,legit
pred_001213,2025-10-19T16:53:00,fraud
pred_001214,2025-10-19T17:16:00,legit
pred_001215,2025-09-28T17:40:00,legit
pred_001216,2025-09-29T18:00:00,legit
pred_001218,2025-10-12T19:00:00,legit
pred_001220,2025-10-17T19:31:00,legit
pred_001221,2025-10-17T20:30:00,legit
pred_001227,2025-10-11T22:10:00,legit
pred_001229,2025-10-18T23:55:00,fraud
pred_001233,2025-09-29T00:14:00,legit
pred_001234,2025-10-06T00:14:00,legit
pred_001236,2025-10-05T01:30:00,fraud
pred_001237,2025-10-19T01:42:00,unclear
pred_001239,2025-09-27T02:16:00,legit
pred_001243,2025-10-06T03:04:00,legit
pred_001244,2025-10-05T03:43:00,legit
pred_001246,2025-10-08T04:45:00,legit
pred_001247,2025-09-28T04:52:00,legit
pred_001250,2025-10-17T05:47:00,legit
pred_001251,2025-10-13T05:52:00,legit
pred_001252,2025-10-20T06:24:00,legit
pred_001259,2025-10-20T08:31:00,legit
pred_001260,2025-10-16T09:01:00,fraud
pred_001261,2025-09-30T09:04:00,legit
pred_001263,2025-10-14T10:02:00,legit
pred_001273,2025-10-09T13:08:00,legit
pred_001276,2025-10-09T13:58:00,legit
pred_001278,2025-10-12T14:30:00,legit
pred_001280,2025-10-01T15:36:00,legit
pred_001281,2025-10-04T15:37:00,legit
pred_001284,2025-10-03T17:12:00,legit
pred_001285,2025-10-19T17:27:00,fraud
pred_001289,2025-10-01T18:33:00,legit
pred_001292,2025-09-30T19:56:00,legit
pred_001300,2025-09-30T23:56:00,legit
pred_001306,2025-10-08T02:15:00,unclear
pred_001312,2025-10-04T05:18:00,legit
pred_001314,2025-10-06T05:49:00,legit
pred_001317,2025-10-02T06:26:00,fraud
pred_001322,2025-10-09T08:11:00,legit
pred_001323,2025-10-05T08:16:00,legit
pred_001326,2025-09-30T09:53:00,legit
pred_001327,2025-10-18T10:21:00,fraud
pred_001328,2025-09-29T10:42:00,legit
pred_001331,2025-10-20T13:05:00,fraud
pred_001332,2025-10-13T13:11:00,legit
pred_001334,2025-10-04T13:37:00,legit
pred_001335,2025-10-02T14:07:00,unclear
pred_001340,2025-10-03T16:49:00,legit
pred_001342,2025-10-01T17:02:00,legit
pred_001349,2025-09-30T20:06:00,legit
pred_001351,2025-09-29T20:09:00,legit
pred_001352,2025-10-20T20:12:00,legit
pred_001354,2025-10-18T21:06:00,legit
pred_001357,2025-09-30T22:04:00,legit
pred_001358,2025-09-30T22:31:00,legit
pred_001360,2025-10-10T23:38:00,legit
pred_001362,2025-10-19T00:04:00,legit
pred_001363,2025-10-14T00:41:00,legit
pred_001365,2025-10-09T00:52:00,legit
pred_001366,2025-09-29T00:56:00,legit
pred_001369,2025-10-18T01:18:00,legit
pred_001372,2025-10-22T02:20:00,fraud
pred_001374,2025-10-18T02:55:00,legit
pred_001375,2025-10-18T03:39:00,legit
pred_001376,2025-10-19T03:48:00,legit
pred_001378,2025-10-20T04:52:00,legit
pred_001379,2025-10-10T04:56:00,legit
pred_001380,2025-10-15T05:07:00,legit
pred_001382,2025-10-07T06:00:00,legit
pred_001384,2025-10-04T06:56:00,legit
pred_001387,2025-10-21T07:15:00,legit
pred_001388,2025-10-10T07:41:00,legit
pred_001389,2025-10-15T07:53:00,legit
pred_001390,2025-10-08T07:59:00,legit
pred_001391,2025-10-08T09:54:00,legit
pred_001392,2025-10-22T10:11:00,legit
pred_001394,2025-10-21T10:43:00,legit
pred_001395,2025-09-30T10:51:00,legit
pred_001397,2025-10-01T12:05:00,legit
pred_001404,2025-10-19T15:14:00,legit
pred_001408,2025-09-29T18:53:00,legit
pred_001417,2025-10-10T20:59:00,legit
pred_001419,2025-10-02T22:24:00,legit
pred_001421,2025-10-13T23:00:00,legit
pred_001424,2025-10-19T00:05:00,legit
pred_001427,2025-10-07T00:20:00,legit
pred_001430,2025-10-16T01:55:00,legit
pred_001431,2025-10-23T02:09:00,legit
pred_001433,2025-10-08T02:13:00,legit
pred_001435,2025-10-16T03:32:00,legit
pred_001436,2025-10-06T03:42:00,legit
pred_001437,2025-10-20T03:57:00,legit
pred_001438,2025-10-19T03:58:00,legit
pred_001441,2025-10-20T04:05:00,legit
pred_001443,2025-10-14T04:30:00,legit
pred_001446,2025-10-09T05:07:00,unclear
pred_001448,2025-10-21T06:06:00,legit
pred_001456,2025-09-30T07:55:00,legit
pred_001458,2025-10-18T08:04:00,legit
pred_001460,2025-10-13T08:54:00,legit
pred_001463,2025-10-05T10:57:00,legit
pred_001466,2025-10-09T12:20:00,legit
pred_001468,2025-10-18T12:32:00,legit
pred_001472,2025-10-01T14:29:00,legit
pred_001473,2025-10-23T14:46:00,fraud
pred_001485,2025-09-30T18:02:00,legit
pred_001488,2025-10-20T18:22:00,legit
pred_001489,2025-10-05T18:43:00,legit
pred_001490,2025-10-15T19:05:00,legit
pred_001492,2025-09-30T19:39:00,legit
pred_001495,2025-10-14T21:37:00,legit
pred_001499,2025-10-13T22:41:00,legit
pred_001506,2025-10-06T01:20:00,legit
pred_001507,2025-10-14T01:28:00,legit
pred_001511,2025-10-02T03:04:00,legit
pred_001513,2025-10-13T03:51:00,legit
pred_001517,2025-10-23T05:34:00,legit
pred_001519,2025-10-17T06:02:00,legit
pred_001521,2025-10-13T06:24:00,legit
pred_001528,2025-10-02T08:49:00,legit
pred_001529,2025-10-02T09:02:00,legit
pred_001530,2025-10-14T09:06:00,legit
pred_001534,2025-10-02T10:08:00,legit
pred_001539,2025-10-23T11:04:00,legit
pred_001551,2025-10-09T14:54:00,legit
pred_001552,2025-10-19T15:00:00,unclear
pred_001561,2025-10-02T18:29:00,legit
pred_001562,2025-10-04T19:01:00,legit
pred_001567,2025-10-02T20:19:00,legit
pred_001571,2025-10-08T22:16:00,legit
pred_001580,2025-10-11T00:35:00,legit
pred_001583,2025-10-08T01:24:00,legit
pred_001587,2025-10-12T02:00:00,legit
pred_001592,2025-10-18T03:57:00,legit
pred_001595,2025-10-17T04:09:00,legit
pred_001599,2025-10-17T05:08:00,legit
pred_001604,2025-10-19T06:25:00,legit
pred_001605,2025-10-04T06:26:00,legit
pred_001607,2025-10-06T06:47:00,legit
pred_001611,2025-10-08T07:42:00,legit
pred_001613,2025-10-22T08:02:00,legit
pred_001614,2025-10-23T08:22:00,fraud
pred_001623,2025-10-08T11:54:00,legit
pred_001624,2025-10-24T12:12:00,legit
pred_001625,2025-10-04T13:38:00,legit
pred_001630,2025-10-17T16:55:00,legit
pred_001631,2025-10-17T17:32:00,legit
pred_001633,2025-10-05T18:36:00,legit
pred_001636,2025-10-04T20:20:00,legit
pred_001637,2025-10-15T20:36:00,legit
pred_001640,2025-10-05T21:47:00,legit
pred_001642,2025-10-04T22:52:00,legit
pred_001643,2025-10-15T23:52:00,legit
pred_001645,2025-10-25T00:16:00,legit
pred_001650,2025-10-09T01:23:00,legit
pred_001652,2025-10-11T01:35:00,legit
pred_001653,2025-10-07T01:52:00,legit
pred_001658,2025-10-09T03:20:00,legit
pred_001661,2025-10-12T04:18:00,unclear
pred_001664,2025-10-09T05:58:00,legit
pred_001665,2025-10-05T06:18:00,legit
pred_001669,2025-10-25T07:13:00,legit
pred_001670,2025-10-12T07:21:00,legit
pred_001671,2025-10-15T07:47:00,legit
pred_001674,2025-10-13T08:31:00,legit
pred_001678,2025-10-07T10:16:00,fraud
pred_001679,2025-10-11T11:10:00,legit
pred_001680,2025-10-11T11:20:00,fraud
pred_001681,2025-10-12T11:59:00,legit
pred_001684,2025-10-09T13:31:00,legit
pred_001692,2025-10-17T14:59:00,legit
pred_001693,2025-10-26T15:00:00,legit
pred_001694,2025-10-11T15:04:00,fraud
pred_001695,2025-10-25T15:07:00,legit
pred_001696,2025-10-14T15:40:00,fraud
pred_001700,2025-10-06T17:38:00,fraud
pred_001701,2025-10-07T17:40:00,legit
pred_001702,2025-10-15T18:06:00,legit
pred_001707,2025-10-05T20:35:00,legit
pred_001710,2025-10-18T22:05:00,legit
pred_001716,2025-10-06T00:50:00,legit
pred_001718,2025-10-22T02:02:00,legit
pred_001719,2025-10-10T02:05:00,legit
pred_001722,2025-10-15T03:44:00,legit
pred_001723,2025-10-06T04:06:00,legit
pred_001725,2025-10-15T04:31:00,unclear
pred_001727,2025-10-23T05:05:00,legit
pred_001730,2025-10-21T06:30:00,legit
pred_001739,2025-10-08T09:11:00,legit
pred_001741,2025-10-13T09:38:00,fraud
pred_001745,2025-10-19T10:43:00,legit
pred_001749,2025-10-21T10:59:00,legit
pred_001752,2025-10-04T12:16:00,legit
pred_001754,2025-10-21T13:07:00,legit
pred_001756,2025-10-14T13:52:00,legit
pred_001757,2025-10-11T14:05:00,legit
pred_001759,2025-10-22T14:40:00,unclear
pred_001760,2025-10-26T14:49:00,legit
pred_001764,2025-10-24T15:44:00,unclear
pred_001769,2025-10-23T17:27:00,legit
pred_001775,2025-10-18T18:08:00,legit
pred_001776,2025-10-06T18:09:00,legit
pred_001779,2025-10-27T18:48:00,legit
pred_001784,2025-10-19T20:47:00,legit
pred_001785,2025-10-13T21:07:00,legit
pred_001786,2025-10-09T21:17:00,legit
pred_001789,2025-10-08T00:18:00,legit
pred_001792,2025-10-06T00:24:00,legit
pred_001794,2025-10-21T00:58:00,legit
pred_001795,2025-10-18T01:23:00,legit
pred_001796,2025-10-23T01:53:00,legit
pred_001798,2025-10-27T02:53:00,legit
pred_001800,2025-10-25T03:23:00,legit
pred_001806,2025-10-26T04:35:00,legit
pred_001807,2025-10-09T05:39:00,legit
pred_001809,2025-10-14T06:24:00,legit
pred_001811,2025-10-28T06:36:00,legit
pred_001813,2025-10-06T08:17:00,legit
pred_001815,2025-10-22T08:28:00,legit
pred_001816,2025-10-28T08:39:00,legit
pred_001818,2025-10-17T10:02:00,legit
pred_001819,2025-10-11T10:09:00,legit
pred_001820,2025-10-08T10:21:00,legit
pred_001821,2025-10-10T10:46:00,legit
pred_001823,2025-10-25T11:51:00,legit
pred_001824,2025-10-19T11:59:00,legit
pred_001827,2025-10-20T12:54:00,legit
pred_001833,2025-10-15T14:29:00,legit
pred_001837,2025-10-11T16:10:00,legit
pred_001838,2025-10-14T16:31:00,legit
pred_001839,2025-10-10T16:39:00,legit
pred_001842,2025-10-12T19:00:00,legit
pred_001843,2025-10-13T19:23:00,legit
pred_001846,2025-10-21T20:40:00,legit
pred_001857,2025-10-05T22:49:00,legit
pred_001863,2025-10-08T23:58:00,legit
pred_001869,2025-10-22T02:37:00,legit
pred_001871,2025-10-28T03:05:00,legit
pred_001872,2025-10-25T03:38:00,unclear
pred_001874,2025-10-11T04:01:00,legit
pred_001875,2025-10-08T04:01:00,legit
pred_001876,2025-10-18T04:33:00,fraud
pred_001877,2025-10-19T05:08:00,legit
pred_001878,2025-10-10T05:32:00,legit
pred_001883,2025-10-17T07:06:00,legit
pred_001884,2025-10-23T07:18:00,legit
pred_001890,2025-10-15T09:40:00,legit
pred_001896,2025-10-26T11:46:00,legit
pred_001902,2025-10-23T14:48:00,fraud
pred_001907,2025-10-07T15:39:00,legit
pred_001911,2025-10-12T17:22:00,fraud
pred_001912,2025-10-25T18:47:00,fraud
pred_001913,2025-10-07T18:57:00,legit
pred_001916,2025-10-27T19:46:00,legit
pred_001923,2025-10-24T22:17:00,legit
pred_001925,2025-10-09T22:26:00,legit
pred_001926,2025-10-21T22:52:00,legit
pred_001929,2025-10-19T23:11:00,legit
pred_001933,2025-10-16T23:52:00,fraud
pred_001936,2025-10-15T01:45:00,legit
pred_001947,2025-10-23T05:31:00,legit
pred_001949,2025-10-08T07:02:00,legit
pred_001952,2025-10-15T08:29:00,legit
pred_001954,2025-10-14T08:40:00,legit
pred_001958,2025-10-12T09:49:00,legit
pred_001962,2025-10-16T11:32:00,legit
pred_001964,2025-10-18T12:16:00,legit
pred_001965,2025-10-24T12:47:00,legit
pred_001967,2025-10-27T13:35:00,legit
pred_001968,2025-10-25T14:20:00,legit
pred_001970,2025-10-19T15:19:00,legit
pred_001971,2025-10-27T15:34:00,fraud
pred_001972,2025-10-10T16:10:00,legit
pred_001974,2025-10-18T16:53:00,legit
pred_001975,2025-10-10T17:15:00,legit
pred_001976,2025-10-22T18:01:00,legit
pred_001977,2025-10-10T18:03:00,legit
pred_001988,2025-10-23T20:31:00,legit
pred_001991,2025-10-24T22:03:00,legit
pred_001993,2025-10-29T22:35:00,legit
pred_001994,2025-10-08T22:38:00,legit
pred_001996,2025-10-22T23:16:00,legit
pred_001997,2025-10-21T23:52:00,legit
pred_001999,2025-10-21T01:24:00,legit
pred_002003,2025-10-14T02:15:00,legit
pred_002004,2025-10-20T03:45:00,legit
pred_002005,2025-10-18T03:55:00,legit
pred_002007,2025-10-14T04:27:00,legit
pred_002008,2025-10-19T04:31:00,legit
pred_002011,2025-10-30T05:05:00,legit
pred_002013,2025-10-11T05:32:00,legit
pred_002014,2025-10-13T05:33:00,legit
pred_002017,2025-10-25T05:46:00,fraud
pred_002018,2025-10-19T06:02:00,legit
pred_002019,2025-10-22T06:25:00,legit
pred_002028,2025-10-29T09:45:00,legit
pred_002030,2025-10-15T10:09:00,legit
pred_002032,2025-10-28T10:58:00,legit
pred_002033,2025-10-31T11:02:00,legit
pred_002034,2025-10-16T11:27:00,legit
pred_002038,2025-10-14T12:06:00,legit
pred_002043,2025-10-09T14:18:00,legit
pred_002045,2025-10-08T14:50:00,legit
pred_002048,2025-10-09T16:11:00,legit
pred_002051,2025-10-20T17:33:00,fraud
pred_002053,2025-10-26T18:38:00,legit
pred_002054,2025-10-27T18:53:00,legit
pred_002058,2025-10-22T20:15:00,fraud
pred_002060,2025-10-17T21:48:00,legit
pred_002061,2025-10-31T21:55:00,legit
pred_002062,2025-10-25T22:08:00,fraud
pred_002063,2025-10-17T22:41:00,legit
pred_002067,2025-10-29T23:29:00,legit
pred_002068,2025-10-18T00:07:00,legit
pred_002071,2025-10-16T02:57:00,unclear
pred_002073,2025-10-10T03:29:00,fraud
pred_002074,2025-10-18T03:32:00,fraud
pred_002077,2025-10-27T05:22:00,legit
pred_002078,2025-10-28T05:48:00,unclear
pred_002079,2025-10-19T06:07:00,legit
pred_002081,2025-11-01T08:08:00,legit
pred_002086,2025-10-23T09:49:00,legit
pred_002093,2025-10-17T16:16:00,legit
pred_002095,2025-11-01T17:30:00,fraud
pred_002101,2025-10-22T21:12:00,legit
pred_002103,2025-10-12T22:37:00,legit
pred_002109,2025-10-31T00:42:00,fraud
pred_002110,2025-10-22T00:55:00,legit
pred_002111,2025-10-19T01:34:00,legit
pred_002127,2025-10-31T06:00:00,fraud
pred_002128,2025-10-24T06:44:00,legit
pred_002131,2025-10-10T08:41:00,fraud
pred_002132,2025-10-27T09:29:00,unclear
pred_002140,2025-10-18T12:19:00,legit
pred_002148,2025-10-23T14:09:00,legit
pred_002152,2025-11-01T15:43:00,legit
pred_002156,2025-10-10T16:52:00,unclear
pred_002162,2025-10-28T18:37:00,legit
pred_002167,2025-10-14T20:00:00,legit
pred_002171,2025-10-12T21:23:00,legit
pred_002174,2025-10-30T21:48:00,legit
pred_002175,2025-10-28T22:35:00,legit
pred_002177,2025-10-22T23:03:00,fraud
pred_002178,2025-10-29T23:17:00,legit
pred_002179,2025-10-31T23:43:00,legit
pred_002180,2025-10-19T00:00:00,legit
pred_002187,2025-11-03T02:02:00,legit
pred_002192,2025-10-21T04:25:00,legit
pred_002193,2025-10-26T05:03:00,legit
pred_002194,2025-10-14T05:13:00,legit
pred_002196,2025-10-21T05:27:00,legit
pred_002197,2025-10-13T06:11:00,legit
pred_002199,2025-10-21T07:12:00,legit
pred_002201,2025-10-12T07:29:00,legit
pred_002202,2025-10-28T08:07:00,legit
pred_002204,2025-10-24T08:46:00,legit
pred_002209,2025-10-22T11:55:00,legit
pred_002210,2025-10-13T12:06:00,legit
pred_002212,2025-10-21T12:36:00,fraud
pred_002213,2025-10-26T12:56:00,legit
pred_002219,2025-10-27T15:52:00,unclear
pred_002221,2025-10-18T16:02:00,legit
pred_002223,2025-10-19T16:15:00,legit
pred_002227,2025-10-11T17:29:00,legit
pred_002230,2025-10-25T18:00:00,legit
pred_002232,2025-10-31T18:25:00,legit
pred_002233,2025-10-19T18:37:00,legit
pred_002235,2025-10-24T19:08:00,legit
pred_002238,2025-10-17T19:32:00,legit
pred_002240,2025-10-25T20:25:00,legit
pred_002241,2025-10-19T20:46:00,legit
pred_002243,2025-10-30T21:04:00,legit
pred_002244,2025-10-23T21:18:00,legit
pred_002247,2025-10-25T21:57:00,legit
pred_002248,2025-10-28T22:00:00,legit
pred_002250,2025-10-22T22:37:00,legit
pred_002253,2025-11-03T00:22:00,legit
pred_002255,2025-10-13T01:02:00,legit
pred_002256,2025-10-15T01:11:00,legit
pred_002259,2025-10-13T02:47:00,legit
pred_002263,2025-10-18T03:19:00,legit
pred_002268,2025-11-01T04:03:00,legit
pred_002279,2025-10-28T07:48:00,legit
pred_002281,2025-10-23T07:57:00,legit
pred_002282,2025-10-27T07:59:00,legit
pred_002283,2025-10-21T08:11:00,legit
pred_002291,2025-11-04T09:39:00,legit
pred_002294,2025-11-04T10:39:00,legit
pred_002298,2025-10-28T12:20:00,legit
pred_002305,2025-10-12T14:05:00,legit
pred_002306,2025-10-20T14:08:00,fraud
pred_002309,2025-10-24T14:44:00,legit
pred_002312,2025-10-27T15:06:00,legit
pred_002313,2025-11-02T15:42:00,legit
pred_002321,2025-10-25T18:18:00,legit
pred_002324,2025-10-21T19:38:00,legit
pred_002326,2025-10-28T20:12:00,legit
pred_002327,2025-10-21T20:51:00,legit
pred_002328,2025-11-02T20:58:00,legit
pred_002329,2025-10-30T21:02:00,fraud
pred_002332,2025-10-23T21:17:00,legit
pred_002334,2025-10-14T22:06:00,legit
pred_002338,2025-11-04T01:27:00,legit
pred_002341,2025-11-05T02:03:00,legit
pred_002345,2025-10-28T02:29:00,legit
pred_002346,2025-11-05T02:33:00,legit
pred_002347,2025-10-28T03:11:00,legit
pred_002348,2025-10-25T04:47:00,legit
pred_002350,2025-10-28T05:42:00,legit
pred_002352,2025-10-31T06:31:00,legit
pred_002353,2025-10-29T06:37:00,legit
pred_002355,2025-10-13T06:59:00,legit
pred_002357,2025-11-03T07:14:00,unclear
pred_002364,2025-10-26T09:54:00,legit
pred_002365,2025-10-15T10:10:00,legit
pred_002367,2025-10-18T11:02:00,legit
pred_002369,2025-10-31T11:12:00,legit
pred_002371,2025-10-13T11:16:00,legit
pred_002374,2025-10-18T12:19:00,legit
pred_002376,2025-10-15T12:44:00,legit
pred_002377,2025-11-05T12:50:00,legit
pred_002381,2025-11-05T13:41:00,legit
pred_002390,2025-11-03T15:32:00,fraud
pred_002391,2025-10-21T16:05:00,legit
pred_002394,2025-11-05T17:02:00,legit
pred_002395,2025-10-27T17:19:00,legit
pred_002398,2025-10-25T19:16:00,legit
pred_002402,2025-10-23T21:30:00,legit
pred_002405,2025-10-20T22:09:00,legit
pred_002406,2025-11-05T23:27:00,legit
pred_002407,2025-11-06T00:12:00,legit
pred_002411,2025-10-15T02:01:00,legit
pred_002420,2025-10-19T05:43:00,legit
pred_002426,2025-10-15T07:54:00,legit
pred_002427,2025-10-16T08:18:00,fraud
pred_002431,2025-11-04T10:19:00,legit
pred_002433,2025-10-20T11:28:00,legit
pred_002440,2025-10-24T13:08:00,fraud
pred_002441,2025-11-05T13:11:00,legit
pred_002443,2025-10-21T13:38:00,legit
pred_002444,2025-10-28T13:46:00,legit
pred_002445,2025-10-23T14:23:00,legit
pred_002446,2025-10-31T14:25:00,unclear
pred_002449,2025-10-25T15:07:00,legit
pred_002451,2025-10-23T15:26:00,legit
pred_002452,2025-10-28T16:10:00,legit
pred_002455,2025-10-18T18:09:00,legit
pred_002460,2025-11-06T20:12:00,legit
pred_002463,2025-10-18T20:26:00,legit
pred_002464,2025-11-05T21:16:00,legit
pred_002465,2025-10-22T21:38:00,legit
pred_002467,2025-10-23T22:00:00,legit
pred_002468,2025-11-03T22:43:00,unclear
pred_002473,2025-10-21T23:57:00,legit
pred_002474,2025-11-06T00:01:00,legit
pred_002478,2025-11-02T01:09:00,legit
pred_002479,2025-11-01T01:11:00,legit
pred_002480,2025-10-18T02:14:00,legit
pred_002481,2025-10-18T02:15:00,legit
pred_002483,2025-10-17T03:12:00,legit
pred_002484,2025-10-31T03:14:00,legit
pred_002487,2025-10-19T04:37:00,legit
pred_002488,2025-10-31T05:17:00,legit
pred_002491,2025-10-22T07:21:00,legit
pred_002492,2025-10-19T08:05:00,legit
pred_002493,2025-11-05T08:12:00,legit
pred_002494,2025-10-23T08:35:00,legit
pred_002495,2025-11-02T08:39:00,legit
pred_002496,2025-10-29T08:43:00,legit
pred_002497,2025-10-24T09:20:00,legit
pred_002500,2025-10-25T11:23:00,legit
pred_002501,2025-10-21T11:33:00,legit
pred_002505,2025-10-22T12:57:00,legit
pred_002507,2025-10-15T13:35:00,legit
pred_002511,2025-10-30T15:21:00,legit
pred_002512,2025-11-06T15:23:00,legit
pred_002513,2025-11-06T15:24:00,legit
pred_002515,2025-11-01T16:40:00,fraud
pred_002519,2025-10-16T17:22:00,legit
pred_002521,2025-10-16T18:42:00,fraud
pred_002527,2025-10-16T21:28:00,fraud
pred_002528,2025-10-16T21:44:00,legit
pred_002529,2025-10-28T22:14:00,legit
pred_002535,2025-11-06T00:59:00,legit
pred_002537,2025-10-17T01:18:00,legit
pred_002538,2025-11-06T01:30:00,fraud
pred_002547,2025-10-21T05:26:00,legit
pred_002550,2025-11-01T05:54:00,legit
pred_002553,2025-10-24T09:33:00,legit
pred_002559,2025-10-30T11:14:00,legit
pred_002560,2025-11-06T11:21:00,legit
pred_002561,2025-10-23T11:47:00,legit
pred_002564,2025-10-30T13:06:00,legit
pred_002566,2025-10-25T14:09:00,legit
pred_002568,2025-11-06T14:43:00,legit
pred_002570,2025-10-16T15:08:00,fraud
pred_002571,2025-10-29T15:19:00,legit
pred_002572,2025-10-21T15:31:00,legit
pred_002574,2025-10-22T15:43:00,legit
pred_002576,2025-10-23T16:47:00,legit
pred_002578,2025-10-28T18:24:00,legit
pred_002579,2025-11-02T19:28:00,legit
pred_002584,2025-10-17T22:22:00,legit
pred_002589,2025-10-22T23:12:00,legit
pred_002590,2025-10-29T23:18:00,legit
pred_002596,2025-10-30T01:44:00,fraud
pred_002597,2025-10-28T01:45:00,legit
pred_002598,2025-10-27T02:36:00,legit
pred_002599,2025-11-06T03:05:00,legit
pred_002601,2025-10-26T04:01:00,legit
pred_002602,2025-10-21T04:03:00,legit
pred_002603,2025-11-04T04:14:00,legit
pred_002604,2025-11-06T04:26:00,legit
pred_002605,2025-11-08T04:49:00,legit
pred_002607,2025-10-24T05:42:00,legit
pred_002611,2025-11-06T07:10:00,legit
pred_002614,2025-11-04T08:32:00,unclear
pred_002615,2025-11-06T08:45:00,unclear
pred_002616,2025-11-07T08:52:00,legit
pred_002622,2025-10-29T09:49:00,legit
pred_002624,2025-10-18T11:17:00,legit
pred_002634,2025-11-09T12:59:00,legit
pred_002642,2025-10-21T14:53:00,legit
pred_002643,2025-10-17T15:04:00,legit
pred_002644,2025-11-02T15:10:00,legit
pred_002645,2025-10-29T15:25:00,legit
pred_002646,2025-10-30T15:52:00,legit
pred_002649,2025-11-03T17:16:00,legit
pred_002651,2025-10-30T17:25:00,legit
pred_002653,2025-11-08T18:35:00,legit
pred_002656,2025-10-29T20:27:00,fraud
pred_002657,2025-10-27T20:59:00,legit
pred_002659,2025-11-07T22:06:00,legit
pred_002663,2025-11-09T23:19:00,legit
pred_002665,2025-10-25T00:00:00,legit
pred_002671,2025-10-28T01:21:00,legit
pred_002672,2025-10-19T01:36:00,legit
pred_002679,2025-10-24T03:42:00,legit
pred_002680,2025-11-04T03:56:00,legit
pred_002684,2025-10-25T04:57:00,legit
pred_002686,2025-10-23T05:53:00,legit
pred_002687,2025-10-29T06:00:00,legit
pred_002688,2025-10-27T06:08:00,legit
pred_002689,2025-11-07T06:20:00,legit
pred_002692,2025-11-10T07:15:00,legit
pred_002693,2025-11-08T07:15:00,legit
pred_002695,2025-11-07T07:28:00,legit
pred_002696,2025-10-29T07:50:00,legit
pred_002697,2025-10-22T07:56:00,legit
pred_002700,2025-11-05T08:24:00,legit
pred_002708,2025-11-07T10:13:00,legit
pred_002710,2025-10-22T10:35:00,legit
pred_002714,2025-10-31T13:26:00,legit
pred_002719,2025-11-08T15:32:00,legit
pred_002720,2025-10-19T15:36:00,legit
pred_002724,2025-11-01T16:37:00,legit
pred_002725,2025-10-28T16:46:00,legit
pred_002728,2025-10-20T18:05:00,legit
pred_002729,2025-10-26T18:20:00,legit
pred_002731,2025-11-09T18:48:00,fraud
pred_002733,2025-11-08T19:31:00,legit
pred_002735,2025-10-22T20:23:00,unclear
pred_002745,2025-10-20T00:25:00,legit
pred_002749,2025-10-26T02:03:00,legit
pred_002750,2025-10-28T02:13:00,legit
pred_002754,2025-11-04T03:45:00,fraud
pred_002756,2025-10-25T04:56:00,legit
pred_002760,2025-10-23T06:04:00,legit
pred_002761,2025-11-03T06:59:00,legit
pred_002764,2025-10-26T08:08:00,legit
pred_002766,2025-10-25T09:07:00,legit
pred_002770,2025-10-24T10:22:00,legit
pred_002771,2025-11-10T11:51:00,legit
pred_002774,2025-11-07T12:42:00,legit
pred_002777,2025-10-28T12:55:00,legit
pred_002778,2025-10-27T13:39:00,legit
pred_002781,2025-11-01T14:34:00,legit
pred_002782,2025-10-24T14:53:00,legit
pred_002785,2025-11-05T15:44:00,legit
pred_002786,2025-11-10T16:19:00,legit
pred_002790,2025-10-22T17:24:00,legit
pred_002791,2025-10-30T18:25:00,legit
pred_002795,2025-10-19T19:57:00,legit
pred_002798,2025-11-03T20:32:00,legit
pred_002799,2025-11-10T20:34:00,legit
pred_002801,2025-10-27T20:59:00,legit
pred_002803,2025-11-03T21:54:00,fraud
pred_002808,2025-11-01T22:12:00,legit
pred_002814,2025-10-23T23:59:00,legit
pred_002815,2025-10-30T00:08:00,legit
pred_002818,2025-11-08T01:27:00,legit
pred_002820,2025-10-26T02:17:00,legit
pred_002822,2025-10-23T02:44:00,legit
pred_002823,2025-10-25T03:13:00,legit
pred_002827,2025-10-21T04:25:00,fraud
pred_002828,2025-11-11T05:22:00,legit
pred_002833,2025-10-29T06:03:00,legit
pred_002834,2025-11-07T06:11:00,legit
pred_002835,2025-10-30T06:14:00,legit
pred_002836,2025-10-29T06:41:00,legit
pred_002839,2025-11-12T07:13:00,legit
pred_002840,2025-11-11T07:42:00,legit
pred_002841,2025-11-11T07:57:00,legit
pred_002843,2025-11-08T08:29:00,legit
pred_002844,2025-11-01T09:06:00,legit
pred_002847,2025-11-03T09:35:00,legit
pred_002849,2025-10-25T11:01:00,legit
pred_002850,2025-11-12T11:26:00,legit
pred_002851,2025-11-10T11:28:00,legit
pred_002854,2025-10-21T12:28:00,fraud
pred_002855,2025-11-06T14:32:00,legit
pred_002856,2025-11-10T14:42:00,legit
pred_002857,2025-10-26T14:47:00,legit
pred_002860,2025-10-23T16:09:00,legit
pred_002863,2025-10-26T16:35:00,legit
pred_002866,2025-11-04T18:30:00,legit
pred_002868,2025-10-31T19:23:00,legit
pred_002870,2025-10-27T20:57:00,legit
pred_002874,2025-10-24T22:00:00,legit
pred_002877,2025-11-06T22:43:00,legit
pred_002878,2025-11-05T23:02:00,legit
pred_002879,2025-11-07T23:15:00,legit
pred_002880,2025-10-29T23:35:00,legit
pred_002886,2025-11-11T02:57:00,fraud
pred_002889,2025-10-23T03:03:00,legit
pred_002893,2025-11-10T04:28:00,legit
pred_002894,2025-11-04T04:44:00,fraud
pred_002896,2025-10-23T06:20:00,legit
pred_002898,2025-10-30T06:32:00,unclear
pred_002900,2025-10-21T06:53:00,legit
pred_002903,2025-10-27T09:34:00,legit
pred_002907,2025-11-01T10:37:00,legit
pred_002909,2025-10-29T10:48:00,legit
pred_002910,2025-10-29T10:55:00,legit
pred_002914,2025-11-06T15:33:00,legit
pred_002917,2025-11-08T16:22:00,fraud
pred_002918,2025-10-24T16:41:00,legit
pred_002921,2025-11-04T19:58:00,fraud
pred_002922,2025-11-11T20:29:00,legit
pred_002924,2025-11-10T21:18:00,legit
pred_002925,2025-10-22T21:46:00,legit
pred_002926,2025-10-27T22:14:00,legit
pred_002929,2025-11-07T23:04:00,legit
pred_002930,2025-10-23T23:11:00,legit
pred_002931,2025-11-13T23:12:00,legit
pred_002934,2025-11-11T23:45:00,legit
pred_002937,2025-11-04T00:30:00,legit
pred_002939,2025-11-03T00:46:00,legit
pred_002940,2025-10-22T00:56:00,legit
pred_002942,2025-10-28T01:39:00,fraud
pred_002943,2025-11-03T01:40:00,legit
pred_002945,2025-11-04T02:59:00,legit
pred_002946,2025-10-31T03:18:00,legit
pred_002947,2025-11-12T03:28:00,legit
pred_002952,2025-10-30T05:42:00,fraud
pred_002953,2025-11-02T05:59:00,legit
pred_002956,2025-10-26T06:22:00,legit
pred_002962,2025-11-08T08:51:00,legit
pred_002970,2025-10-28T12:18:00,unclear
pred_002973,2025-11-09T14:12:00,legit
pred_002975,2025-11-06T14:45:00,legit
pred_002976,2025-10-30T15:20:00,legit
pred_002979,2025-10-30T17:11:00,legit
pred_002980,2025-11-14T17:14:00,legit
pred_002982,2025-11-13T17:20:00,legit
pred_002984,2025-11-10T17:35:00,legit
pred_002987,2025-11-12T18:14:00,legit
pred_002991,2025-11-02T18:52:00,legit
pred_002993,2025-11-04T19:11:00,legit
pred_002995,2025-11-08T19:28:00,legit
pred_002997,2025-11-04T20:05:00,legit
pred_003002,2025-11-12T21:22:00,legit
pred_003007,2025-10-22T23:32:00,legit
pred_003008,2025-10-31T23:38:00,legit
pred_003009,2025-11-14T00:15:00,legit
pred_003010,2025-11-04T00:30:00,legit
pred_003016,2025-11-12T03:58:00,legit
pred_003017,2025-11-07T04:01:00,legit
pred_003018,2025-10-23T04:18:00,legit
pred_003019,2025-11-14T04:21:00,legit
pred_003022,2025-11-13T05:33:00,legit
pred_003024,2025-10-24T05:40:00,legit
pred_003026,2025-10-27T07:29:00,legit
pred_003033,2025-10-27T09:20:00,legit
pred_003034,2025-11-10T09:49:00,legit
pred_003038,2025-11-11T12:22:00,legit
pred_003040,2025-11-01T12:50:00,legit
pred_003043,2025-11-01T14:36:00,legit
pred_003045,2025-11-05T14:40:00,legit
pred_003047,2025-10-24T15:31:00,legit
pred_003056,2025-10-27T17:52:00,legit
pred_003057,2025-11-08T18:41:00,fraud
pred_003058,2025-10-29T18:48:00,legit
pred_003059,2025-11-09T19:16:00,legit
pred_003062,2025-10-27T19:32:00,unclear
pred_003068,2025-11-04T22:00:00,legit
pred_003071,2025-11-12T23:15:00,legit
pred_003074,2025-11-10T00:18:00,legit
pred_003075,2025-11-01T00:36:00,legit
pred_003081,2025-11-07T03:56:00,legit
pred_003087,2025-11-15T05:08:00,legit
pred_003090,2025-10-29T05:50:00,legit
pred_003092,2025-11-06T06:29:00,fraud
pred_003093,2025-11-15T06:30:00,legit
pred_003095,2025-11-13T07:32:00,legit
pred_003096,2025-11-16T07:51:00,legit
pred_003098,2025-11-05T08:15:00,legit
pred_003102,2025-11-05T10:38:00,legit
pred_003107,2025-11-13T11:22:00,legit
pred_003110,2025-11-08T12:59:00,legit
pred_003111,2025-11-13T13:20:00,legit
pred_003112,2025-11-15T13:21:00,legit
pred_003114,2025-11-08T14:01:00,legit
pred_003118,2025-11-15T15:31:00,fraud
pred_003121,2025-10-31T16:33:00,legit
pred_003123,2025-10-25T16:41:00,unclear
pred_003125,2025-11-12T17:09:00,legit
pred_003131,2025-10-30T18:09:00,legit
pred_003134,2025-11-02T21:43:00,fraud
pred_003135,2025-11-12T21:45:00,legit
pred_003136,2025-11-16T21:49:00,legit
pred_003139,2025-11-02T22:42:00,legit
pred_003143,2025-11-07T23:22:00,legit
pred_003147,2025-11-10T02:10:00,legit
pred_003151,2025-11-10T03:16:00,legit
pred_003152,2025-10-29T03:26:00,legit
pred_003157,2025-11-04T04:27:00,legit
pred_003158,2025-10-28T04:38:00,legit
pred_003159,2025-11-11T05:15:00,legit
pred_003160,2025-11-07T05:17:00,legit
pred_003168,2025-11-12T10:11:00,legit
pred_003169,2025-11-08T10:37:00,legit
pred_003171,2025-10-26T12:24:00,legit
pred_003173,2025-11-04T12:55:00,fraud
pred_003177,2025-11-14T16:21:00,legit
pred_003180,2025-11-02T17:56:00,legit
pred_003183,2025-11-12T18:35:00,legit
pred_003185,2025-11-10T19:39:00,legit
pred_003189,2025-11-04T20:36:00,legit
pred_003190,2025-11-04T20:38:00,legit
pred_003192,2025-10-27T21:01:00,legit
pred_003194,2025-11-07T21:45:00,legit
pred_003196,2025-11-15T23:03:00,legit
pred_003200,2025-10-30T00:16:00,legit
pred_003205,2025-11-02T01:21:00,legit
pred_003206,2025-11-07T01:35:00,legit
pred_003208,2025-11-01T02:39:00,legit
pred_003213,2025-11-16T04:05:00,fraud
pred_003214,2025-10-29T04:24:00,legit
pred_003219,2025-11-09T06:01:00,legit
pred_003220,2025-11-08T06:12:00,legit
pred_003221,2025-11-12T06:15:00,legit
pred_003223,2025-10-31T07:03:00,legit
pred_003225,2025-11-15T07:13:00,legit
pred_003227,2025-11-02T07:33:00,legit
pred_003230,2025-11-04T08:59:00,legit
pred_003231,2025-11-08T09:16:00,legit
pred_003232,2025-11-08T09:58:00,legit
pred_003235,2025-11-03T10:44:00,legit
pred_003237,2025-11-11T11:13:00,legit
pred_003240,2025-11-04T12:19:00,legit
pred_003241,2025-11-12T13:22:00,legit
pred_003249,2025-10-28T17:12:00,legit
pred_003251,2025-11-03T18:23:00,legit
pred_003253,2025-10-26T18:36:00,legit
pred_003257,2025-11-14T19:42:00,legit
pred_003258,2025-11-09T20:06:00,legit
pred_003263,2025-11-04T23:08:00,fraud
pred_003264,2025-11-03T23:08:00,legit
pred_003265,2025-11-12T23:21:00,unclear
pred_003268,2025-11-17T02:06:00,legit
pred_003269,2025-11-14T02:13:00,legit
pred_003272,2025-11-05T04:16:00,legit
pred_003278,2025-11-02T06:53:00,fraud
pred_003279,2025-11-07T07:44:00,legit
pred_003284,2025-11-07T11:33:00,legit
pred_003288,2025-10-29T12:13:00,fraud
pred_003289,2025-10-27T12:39:00,legit
pred_003292,2025-10-27T13:36:00,fraud
pred_003294,2025-10-27T14:10:00,legit
pred_003296,2025-11-18T14:57:00,legit
pred_003299,2025-11-05T15:50:00,legit
pred_003300,2025-11-11T16:00:00,legit
pred_003303,2025-11-02T16:56:00,legit
pred_003304,2025-10-29T17:01:00,legit
pred_003306,2025-11-01T17:29:00,legit
pred_003307,2025-11-13T17:36:00,legit
pred_003311,2025-11-17T19:42:00,legit
pred_003313,2025-11-07T20:14:00,legit
pred_003314,2025-10-27T20:39:00,legit
pred_003318,2025-11-11T22:21:00,legit
pred_003321,2025-11-18T00:35:00,legit
pred_003323,2025-10-29T01:11:00,fraud
pred_003324,2025-10-29T03:11:00,legit
pred_003330,2025-11-10T06:32:00,legit
pred_003332,2025-11-14T06:46:00,legit
pred_003335,2025-11-02T07:19:00,unclear
pred_003336,2025-11-14T07:44:00,legit
pred_003337,2025-11-03T07:47:00,legit
pred_003343,2025-11-04T08:52:00,legit
pred_003349,2025-10-29T11:11:00,legit
pred_003350,2025-10-30T11:55:00,legit
pred_003352,2025-11-20T12:43:00,fraud
pred_003355,2025-11-14T14:02:00,legit
pred_003358,2025-11-09T14:09:00,legit
pred_003359,2025-11-20T15:10:00,legit
pred_003360,2025-11-20T15:28:00,legit
pred_003362,2025-11-17T15:38:00,legit
pred_003363,2025-11-07T15:45:00,fraud
pred_003364,2025-10-28T16:25:00,legit
pred_003366,2025-11-06T17:16:00,fraud
pred_003367,2025-11-12T17:36:00,unclear
pred_003368,2025-11-12T18:10:00,legit
pred_003370,2025-11-01T18:23:00,legit
pred_003371,2025-11-15T19:19:00,unclear
pred_003372,2025-11-13T21:18:00,legit
pred_003376,2025-11-20T00:34:00,legit
pred_003377,2025-10-30T00:50:00,legit
pred_003378,2025-11-18T01:09:00,legit
pred_003384,2025-11-16T03:20:00,legit
pred_003388,2025-11-14T04:09:00,legit
pred_003390,2025-11-10T04:40:00,fraud
pred_003391,2025-11-12T05:25:00,legit
pred_003394,2025-11-02T06:35:00,fraud
pred_003397,2025-11-07T07:31:00,legit
pred_003398,2025-11-16T07:55:00,legit
pred_003399,2025-11-13T09:37:00,legit
pred_003405,2025-10-29T11:49:00,legit
pred_003407,2025-11-01T12:30:00,legit
pred_003408,2025-11-06T13:32:00,legit
pred_003409,2025-11-20T14:20:00,legit
pred_003410,2025-11-18T14:23:00,legit
pred_003412,2025-11-13T15:55:00,legit
pred_003415,2025-11-20T17:53:00,legit
pred_003417,2025-11-09T18:00:00,legit
pred_003419,2025-11-12T18:49:00,legit
pred_003420,2025-11-08T19:05:00,legit
pred_003421,2025-11-17T20:05:00,legit
pred_003426,2025-11-11T20:56:00,fraud
pred_003430,2025-11-10T22:51:00,legit
pred_003432,2025-11-01T00:23:00,legit
pred_003433,2025-11-21T00:39:00,legit
pred_003434,2025-11-21T00:42:00,legit
pred_003435,2025-10-31T01:06:00,legit
pred_003436,2025-11-16T01:29:00,legit
pred_003438,2025-11-04T01:55:00,legit
pred_003440,2025-10-31T02:33:00,legit
pred_003443,2025-11-10T03:01:00,legit
pred_003444,2025-11-18T03:27:00,legit
pred_003447,2025-11-12T03:51:00,legit
pred_003448,2025-11-11T03:53:00,legit
pred_003449,2025-11-02T04:08:00,legit
pred_003450,2025-11-02T04:35:00,legit
pred_003452,2025-11-14T05:03:00,legit
pred_003453,2025-11-19T05:35:00,legit
pred_003454,2025-11-20T06:12:00,legit
pred_003456,2025-11-21T08:20:00,legit
pred_003457,2025-11-22T08:46:00,legit
pred_003458,2025-11-17T08:48:00,legit
pred_003460,2025-11-13T10:02:00,legit
pred_003464,2025-11-19T11:59:00,legit
pred_003466,2025-11-06T12:21:00,legit
pred_003469,2025-11-02T12:39:00,legit
pred_003472,2025-11-05T13:48:00,legit
pred_003473,2025-11-20T14:30:00,legit
pred_003478,2025-11-11T17:34:00,legit
pred_003480,2025-11-05T18:00:00,legit
pred_003482,2025-11-14T18:21:00,legit
pred_003483,2025-10-31T18:44:00,fraud
pred_003484,2025-11-13T18:45:00,legit
pred_003486,2025-10-30T19:29:00,legit
pred_003487,2025-11-08T19:33:00,legit
pred_003488,2025-11-01T19:50:00,legit
pred_003493,2025-11-08T22:26:00,legit
pred_003499,2025-11-08T00:51:00,fraud
pred_003502,2025-11-23T02:10:00,fraud
pred_003503,2025-11-07T02:22:00,legit
pred_003504,2025-11-20T03:01:00,legit
pred_003505,2025-11-16T03:14:00,legit
pred_003506,2025-11-12T03:58:00,legit
pred_003508,2025-11-16T04:31:00,legit
pred_003511,2025-11-16T07:29:00,legit
pred_003512,2025-11-12T07:36:00,legit
pred_003514,2025-11-18T08:04:00,legit
pred_003516,2025-11-05T09:26:00,legit
pred_003524,2025-11-10T12:29:00,legit
pred_003525,2025-11-03T12:31:00,legit
pred_003526,2025-11-09T12:31:00,legit
pred_003529,2025-11-08T12:47:00,unclear
pred_003533,2025-11-06T13:26:00,legit
pred_003534,2025-11-17T13:38:00,legit
pred_003537,2025-11-09T14:03:00,legit
pred_003538,2025-11-19T14:11:00,legit
pred_003540,2025-11-23T15:42:00,legit
pred_003542,2025-11-05T16:08:00,legit
pred_003545,2025-11-04T16:44:00,legit
pred_003546,2025-11-15T17:03:00,legit
pred_003548,2025-11-10T18:05:00,legit
pred_003549,2025-11-05T18:27:00,legit
pred_003550,2025-11-04T18:44:00,legit
pred_003551,2025-11-07T19:55:00,legit
pred_003552,2025-11-12T19:59:00,legit
pred_003554,2025-11-11T20:18:00,legit
pred_003557,2025-11-23T20:44:00,legit
pred_003559,2025-11-15T21:02:00,legit
pred_003560,2025-11-09T21:24:00,legit
pred_003564,2025-11-22T23:30:00,legit
pred_003565,2025-11-02T23:37:00,legit
pred_003567,2025-11-16T00:45:00,legit
pred_003568,2025-11-13T01:53:00,legit
pred_003569,2025-11-08T02:00:00,legit
pred_003574,2025-11-03T04:46:00,legit
pred_003576,2025-11-09T05:15:00,legit
pred_003578,2025-11-22T05:37:00,legit
pred_003579,2025-11-01T05:47:00,legit
pred_003581,2025-11-15T06:58:00,legit
pred_003585,2025-11-23T08:50:00,legit
pred_003587,2025-11-19T09:37:00,legit
pred_003590,2025-11-12T10:55:00,legit
pred_003592,2025-11-11T11:11:00,legit
pred_003593,2025-11-02T11:25:00,legit
pred_003600,2025-11-10T13:12:00,legit
pred_003604,2025-11-11T14:23:00,legit
pred_003605,2025-11-06T14:31:00,legit
pred_003608,2025-11-06T15:06:00,legit
pred_003610,2025-11-09T16:16:00,legit
pred_003611,2025-11-03T16:16:00,legit
pred_003612,2025-11-02T16:24:00,legit
pred_003613,2025-11-14T16:26:00,legit
pred_003614,2025-11-23T16:52:00,legit
pred_003615,2025-11-17T16:58:00,legit
pred_003617,2025-11-13T17:52:00,legit
pred_003620,2025-11-05T20:18:00,legit
pred_003621,2025-11-05T20:36:00,legit
pred_003622,2025-11-20T20:37:00,legit
pred_003623,2025-11-06T20:39:00,legit
pred_003627,2025-11-23T21:14:00,legit
pred_003628,2025-11-05T21:55:00,legit
pred_003630,2025-11-19T23:13:00,legit
pred_003633,2025-11-13T00:54:00,legit
pred_003635,2025-11-15T01:04:00,legit
pred_003637,2025-11-17T01:25:00,legit
pred_003640,2025-11-23T03:05:00,legit
pred_003641,2025-11-15T03:57:00,legit
pred_003642,2025-11-14T04:09:00,legit
pred_003649,2025-11-07T06:45:00,legit
pred_003651,2025-11-07T07:11:00,legit
pred_003658,2025-11-21T12:59:00,legit
pred_003661,2025-11-17T13:53:00,legit
pred_003664,2025-11-10T14:45:00,legit
pred_003667,2025-11-04T16:47:00,legit
pred_003670,2025-11-16T17:20:00,legit
pred_003672,2025-11-20T17:23:00,legit
pred_003676,2025-11-23T18:11:00,legit
pred_003678,2025-11-13T18:57:00,legit
pred_003679,2025-11-20T19:02:00,legit
pred_003680,2025-11-25T19:46:00,legit
pred_003681,2025-11-20T19:48:00,legit
pred_003685,2025-11-16T21:36:00,fraud
pred_003686,2025-11-19T21:47:00,legit
pred_003687,2025-11-22T21:49:00,legit
pred_003689,2025-11-03T22:36:00,legit
pred_003693,2025-11-09T00:27:00,legit
pred_003702,2025-11-12T03:02:00,legit
pred_003703,2025-11-24T03:12:00,legit
pred_003706,2025-11-25T05:06:00,legit
pred_003708,2025-11-03T06:01:00,legit
pred_003716,2025-11-11T09:35:00,legit
pred_003717,2025-11-06T10:48:00,legit
pred_003725,2025-11-19T13:07:00,legit
pred_003730,2025-11-08T13:47:00,legit
pred_003731,2025-11-17T14:21:00,legit
pred_003732,2025-11-12T14:25:00,legit
pred_003733,2025-11-05T14:40:00,legit
pred_003734,2025-11-21T14:42:00,legit
pred_003741,2025-11-21T17:30:00,legit
pred_003742,2025-11-23T18:08:00,legit
pred_003743,2025-11-26T18:09:00,legit
pred_003745,2025-11-18T18:44:00,legit
pred_003746,2025-11-16T18:59:00,unclear
pred_003750,2025-11-19T19:45:00,unclear
pred_003751,2025-11-10T20:43:00,legit
pred_003752,2025-11-19T20:46:00,unclear
pred_003759,2025-11-07T00:56:00,legit
pred_003762,2025-11-20T02:25:00,legit
pred_003765,2025-11-14T03:35:00,legit
pred_003766,2025-11-19T03:39:00,legit
pred_003767,2025-11-05T03:51:00,legit
pred_003772,2025-11-15T05:04:00,legit
pred_003773,2025-11-07T05:05:00,legit
pred_003776,2025-11-25T05:50:00,fraud
pred_003778,2025-11-04T06:24:00,legit
pred_003779,2025-11-25T06:41:00,legit
pred_003780,2025-11-07T07:33:00,legit
pred_003783,2025-11-26T08:20:00,legit
pred_003785,2025-11-21T09:17:00,legit
pred_003787,2025-11-14T10:04:00,legit
pred_003802,2025-11-09T16:14:00,legit
pred_003807,2025-11-20T17:31:00,legit
pred_003808,2025-11-08T17:47:00,legit
pred_003811,2025-11-09T18:20:00,legit
pred_003812,2025-11-20T18:20:00,fraud
pred_003813,2025-11-26T19:54:00,legit
pred_003819,2025-11-22T21:42:00,legit
pred_003822,2025-11-22T22:21:00,legit
pred_003824,2025-11-06T22:42:00,legit
pred_003826,2025-11-20T00:10:00,legit
pred_003827,2025-11-26T00:22:00,fraud
pred_003830,2025-11-06T01:30:00,legit
pred_003831,2025-11-24T02:41:00,legit
pred_003833,2025-11-22T05:38:00,legit
pred_003837,2025-11-25T06:30:00,unclear
pred_003844,2025-11-20T10:58:00,legit
pred_003845,2025-11-24T11:15:00,legit
pred_003846,2025-11-08T12:34:00,fraud
pred_003849,2025-11-06T13:44:00,legit
pred_003850,2025-11-06T14:10:00,legit
pred_003852,2025-11-25T14:26:00,legit
pred_003853,2025-11-24T14:29:00,legit
pred_003859,2025-11-10T15:53:00,unclear
pred_003861,2025-11-17T16:37:00,legit
pred_003865,2025-11-08T18:55:00,legit
pred_003866,2025-11-26T19:05:00,legit
pred_003867,2025-11-17T19:11:00,legit
pred_003871,2025-11-11T20:47:00,legit
pred_003875,2025-11-24T23:31:00,fraud
pred_003876,2025-11-05T23:43:00,legit
pred_003879,2025-11-09T00:31:00,legit
pred_003880,2025-11-21T00:36:00,legit
pred_003881,2025-11-12T01:21:00,legit
pred_003882,2025-11-28T01:39:00,legit
pred_003886,2025-11-29T02:42:00,legit
pred_003890,2025-11-21T03:10:00,legit
pred_003893,2025-11-11T04:00:00,legit
pred_003894,2025-11-07T04:13:00,legit
pred_003897,2025-11-15T05:20:00,legit
pred_003903,2025-11-29T07:09:00,legit
pred_003906,2025-11-13T08:02:00,legit
pred_003908,2025-11-18T08:50:00,legit
pred_003909,2025-11-25T08:58:00,legit
pred_003912,2025-11-16T09:54:00,legit
pred_003915,2025-11-09T10:58:00,legit
pred_003916,2025-11-07T11:02:00,legit
pred_003918,2025-11-12T12:10:00,legit
pred_003922,2025-11-19T13:08:00,legit
pred_003925,2025-11-15T13:38:00,legit
pred_003927,2025-11-16T13:52:00,legit
pred_003934,2025-11-18T15:51:00,legit
pred_003936,2025-11-27T16:44:00,legit
pred_003938,2025-11-27T17:08:00,legit
pred_003942,2025-11-22T19:14:00,legit
pred_003944,2025-11-15T19:50:00,fraud
pred_003945,2025-11-17T19:57:00,legit
pred_003947,2025-11-28T20:49:00,unclear
pred_003949,2025-11-23T21:50:00,legit
pred_003952,2025-11-18T22:25:00,legit
pred_003954,2025-11-06T23:16:00,legit
pred_003964,2025-11-09T04:51:00,legit
pred_003969,2025-11-20T06:27:00,legit
pred_003970,2025-11-07T06:54:00,legit
pred_003980,2025-11-17T12:29:00,legit
pred_003981,2025-11-23T12:36:00,legit
pred_003983,2025-11-17T13:13:00,legit
pred_003984,2025-11-16T13:31:00,legit
pred_003986,2025-11-15T14:02:00,legit
pred_003993,2025-11-27T17:06:00,unclear
pred_003997,2025-11-19T19:15:00,unclear
pred_003999,2025-11-09T20:38:00,fraud
pred_004009,2025-11-27T23:03:00,legit
pred_004011,2025-11-21T23:42:00,legit
pred_004015,2025-11-10T00:31:00,legit
pred_004017,2025-11-27T00:39:00,fraud
pred_004019,2025-11-11T00:46:00,legit
pred_004023,2025-11-26T01:21:00,unclear
pred_004025,2025-11-14T01:49:00,legit
pred_004026,2025-11-09T01:52:00,legit
pred_004031,2025-11-08T04:51:00,legit
pred_004033,2025-11-10T05:11:00,legit
pred_004035,2025-11-21T05:20:00,legit
pred_004036,2025-11-23T05:34:00,unclear
pred_004038,2025-11-25T05:52:00,legit
pred_004039,2025-11-24T06:09:00,legit
pred_004040,2025-11-10T06:13:00,legit
pred_004042,2025-11-24T07:59:00,legit
pred_004043,2025-11-26T08:01:00,legit
pred_004047,2025-11-11T08:47:00,legit
pred_004049,2025-11-20T09:43:00,legit
pred_004055,2025-11-21T11:31:00,legit
pred_004057,2025-11-25T11:41:00,legit
pred_004061,2025-11-18T13:49:00,legit
pred_004062,2025-11-18T14:59:00,legit
pred_004068,2025-11-15T17:48:00,legit
pred_004069,2025-11-14T18:24:00,fraud
pred_004070,2025-11-20T18:28:00,legit
pred_004071,2025-11-18T18:55:00,fraud
pred_004072,2025-11-29T19:04:00,legit
pred_004085,2025-11-15T22:29:00,legit
pred_004092,2025-11-16T05:20:00,unclear
pred_004095,2025-11-26T06:47:00,unclear
pred_004099,2025-11-14T07:42:00,legit
pred_004100,2025-11-21T07:43:00,fraud
pred_004102,2025-11-29T08:05:00,legit
pred_004103,2025-11-17T08:32:00,legit
pred_004104,2025-11-15T08:46:00,legit
pred_004109,2025-11-26T10:22:00,legit
pred_004110,2025-11-16T10:52:00,legit
pred_004112,2025-11-22T11:13:00,legit
pred_004114,2025-11-11T11:35:00,fraud
pred_004117,2025-11-16T12:21:00,legit
pred_004119,2025-11-20T13:30:00,legit
pred_004121,2025-11-19T14:51:00,legit
pred_004122,2025-11-10T15:16:00,legit
pred_004124,2025-11-21T15:17:00,legit
pred_004125,2025-11-15T15:20:00,legit
pred_004126,2025-11-21T15:20:00,legit
pred_004127,2025-11-11T15:39:00,legit
pred_004129,2025-11-26T16:21:00,legit
pred_004130,2025-11-29T16:42:00,legit
pred_004135,2025-11-20T17:56:00,fraud
pred_004136,2025-11-29T18:01:00,legit
pred_004139,2025-11-27T18:27:00,unclear
pred_004143,2025-11-26T20:27:00,legit
pred_004144,2025-11-26T20:36:00,legit
pred_004147,2025-11-13T20:44:00,fraud
pred_004150,2025-11-18T21:27:00,legit
pred_004151,2025-11-29T21:35:00,legit
pred_004157,2025-11-25T23:49:00,legit
pred_004160,2025-11-27T00:49:00,legit
pred_004161,2025-11-21T01:45:00,legit
pred_004162,2025-11-22T02:52:00,legit
pred_004163,2025-11-15T03:40:00,legit
pred_004172,2025-11-26T06:08:00,legit
pred_004176,2025-11-25T07:28:00,legit
pred_004177,2025-11-12T07:48:00,legit
pred_004179,2025-11-23T08:26:00,legit
pred_004182,2025-11-22T10:19:00,fraud
pred_004185,2025-11-23T10:55:00,fraud
pred_004188,2025-11-11T12:25:00,legit
pred_004195,2025-11-26T14:13:00,legit
pred_004196,2025-11-25T14:13:00,legit
pred_004200,2025-11-20T14:57:00,legit
pred_004205,2025-11-16T16:40:00,legit
pred_004206,2025-11-27T16:48:00,unclear
pred_004209,2025-11-26T17:16:00,fraud
pred_004210,2025-11-26T17:22:00,legit
pred_004212,2025-11-29T17:55:00,legit
pred_004216,2025-11-19T21:36:00,legit
pred_004218,2025-11-13T22:18:00,legit
pred_004219,2025-11-14T22:32:00,fraud
pred_004221,2025-11-13T23:12:00,legit
pred_004225,2025-11-29T00:48:00,legit
pred_004232,2025-11-13T03:50:00,legit
pred_004235,2025-11-23T04:29:00,legit
pred_004246,2025-11-11T08:07:00,legit
pred_004252,2025-11-22T09:31:00,legit
pred_004253,2025-11-26T09:34:00,legit
pred_004254,2025-11-19T10:32:00,legit
pred_004255,2025-11-28T10:43:00,legit
pred_004260,2025-11-18T13:00:00,legit
pred_004263,2025-11-17T13:41:00,legit
pred_004265,2025-11-15T14:47:00,legit
pred_004266,2025-11-19T14:57:00,legit
pred_004270,2025-11-29T16:04:00,legit
pred_004275,2025-11-23T17:39:00,legit
pred_004276,2025-11-28T18:03:00,legit
pred_004284,2025-11-18T20:03:00,legit
pred_004288,2025-11-18T21:18:00,fraud
pred_004289,2025-11-23T21:18:00,legit
pred_004297,2025-11-21T23:37:00,legit
pred_004298,2025-11-20T00:36:00,legit
pred_004299,2025-11-21T00:45:00,legit
pred_004300,2025-11-23T01:38:00,legit
pred_004302,2025-11-19T02:44:00,legit
pred_004305,2025-11-26T04:06:00,legit
pred_004309,2025-11-22T05:58:00,legit
pred_004311,2025-11-18T06:39:00,legit
pred_004313,2025-11-24T07:11:00,legit
pred_004318,2025-11-22T07:53:00,legit
pred_004327,2025-11-12T12:13:00,legit
pred_004328,2025-11-15T12:41:00,legit
pred_004335,2025-11-14T15:08:00,legit
pred_004337,2025-11-19T15:48:00,legit
pred_004338,2025-11-23T16:16:00,legit
pred_004346,2025-11-15T18:38:00,legit
pred_004352,2025-11-22T20:20:00,legit
pred_004353,2025-11-22T22:12:00,legit
pred_004355,2025-11-19T22:54:00,legit
pred_004360,2025-11-21T23:41:00,legit
pred_004361,2025-11-19T23:59:00,legit
pred_004364,2025-11-21T00:22:00,legit
pred_004368,2025-11-17T01:56:00,legit
pred_004369,2025-11-28T02:24:00,legit
pred_004371,2025-11-28T02:40:00,fraud
pred_004374,2025-11-19T02:56:00,legit
pred_004377,2025-11-23T03:42:00,legit
pred_004378,2025-11-19T03:44:00,legit
pred_004380,2025-11-20T04:04:00,legit
pred_004383,2025-11-14T05:40:00,legit
pred_004384,2025-11-18T05:59:00,legit
pred_004386,2025-11-17T06:22:00,legit
pred_004390,2025-11-25T06:35:00,legit
pred_004391,2025-11-20T06:42:00,legit
pred_004398,2025-11-17T10:28:00,legit
pred_004400,2025-11-19T11:23:00,legit
pred_004401,2025-11-15T11:44:00,legit
pred_004403,2025-11-17T13:08:00,legit
pred_004404,2025-11-26T13:37:00,legit
pred_004408,2025-11-27T15:19:00,legit
pred_004415,2025-11-23T17:29:00,legit
pred_004416,2025-11-15T17:32:00,legit
pred_004420,2025-11-22T18:27:00,legit
pred_004424,2025-11-21T20:38:00,legit
pred_004428,2025-11-22T22:06:00,legit
pred_004431,2025-11-19T23:11:00,legit
pred_004437,2025-11-22T01:06:00,legit
pred_004440,2025-11-25T01:24:00,fraud
pred_004443,2025-11-20T02:16:00,legit
pred_004446,2025-11-18T02:52:00,legit
pred_004453,2025-11-20T05:13:00,unclear
pred_004455,2025-11-17T07:26:00,legit
pred_004460,2025-11-15T08:30:00,legit
pred_004462,2025-11-29T08:51:00,legit
pred_004471,2025-11-25T11:56:00,fraud
pred_004475,2025-11-15T12:33:00,legit
pred_004477,2025-11-15T12:50:00,legit
pred_004481,2025-11-19T14:20:00,legit
pred_004482,2025-11-18T14:51:00,legit
pred_004485,2025-11-18T15:41:00,legit
pred_004489,2025-11-18T16:50:00,legit
pred_004490,2025-11-28T16:53:00,fraud
pred_004494,2025-11-14T18:25:00,legit
pred_004495,2025-11-15T18:44:00,legit
pred_004496,2025-11-18T19:18:00,legit
pred_004506,2025-11-18T22:44:00,legit
pred_004511,2025-11-19T23:56:00,legit
pred_004517,2025-11-19T02:13:00,legit
pred_004520,2025-11-17T03:05:00,legit
pred_004525,2025-11-21T04:06:00,legit
pred_004528,2025-11-26T04:40:00,legit
pred_004540,2025-11-23T08:56:00,legit
pred_004542,2025-11-17T09:52:00,legit
pred_004545,2025-11-28T10:14:00,legit
pred_004546,2025-11-22T10:24:00,legit
pred_004548,2025-11-22T10:31:00,legit
pred_004549,2025-11-24T10:57:00,legit
pred_004553,2025-11-24T11:43:00,legit
pred_004557,2025-11-28T12:19:00,unclear
pred_004561,2025-11-29T14:37:00,legit
pred_004562,2025-11-20T14:52:00,legit
pred_004564,2025-11-19T15:17:00,legit
pred_004570,2025-11-26T16:28:00,legit
pred_004576,2025-11-23T18:18:00,fraud
pred_004580,2025-11-27T18:40:00,legit
pred_004583,2025-11-27T19:44:00,legit
pred_004584,2025-11-26T19:46:00,legit
pred_004585,2025-11-17T20:24:00,legit
pred_004587,2025-11-15T21:05:00,legit
pred_004595,2025-11-24T23:47:00,legit
pred_004601,2025-11-19T01:37:00,legit
pred_004611,2025-11-29T04:22:00,legit
pred_004612,2025-11-19T04:33:00,legit
pred_004613,2025-11-20T05:16:00,legit
pred_004618,2025-11-20T06:39:00,legit
pred_004622,2025-11-24T08:12:00,legit
pred_004625,2025-11-25T09:22:00,legit
pred_004627,2025-11-27T10:14:00,legit
pred_004628,2025-11-29T10:27:00,legit
pred_004630,2025-11-25T11:09:00,legit
pred_004631,2025-11-16T11:10:00,legit
pred_004633,2025-11-23T11:57:00,legit
pred_004634,2025-11-20T12:02:00,legit
pred_004640,2025-11-29T15:22:00,legit
pred_004641,2025-11-29T15:35:00,legit
pred_004643,2025-11-22T16:02:00,legit
pred_004645,2025-11-22T17:07:00,legit
pred_004650,2025-11-17T18:11:00,legit
pred_004651,2025-11-21T18:33:00,legit
pred_004659,2025-11-18T21:10:00,legit
pred_004662,2025-11-21T22:34:00,legit
pred_004666,2025-11-24T01:32:00,legit
pred_004668,2025-11-24T01:54:00,legit
pred_004686,2025-11-26T08:49:00,legit
pred_004690,2025-11-29T09:28:00,legit
pred_004705,2025-11-20T18:56:00,legit
pred_004708,2025-11-28T20:10:00,unclear
pred_004714,2025-11-27T00:29:00,legit
pred_004715,2025-11-18T00:31:00,unclear
pred_004716,2025-11-20T00:43:00,legit
pred_004718,2025-11-22T01:57:00,fraud
pred_004721,2025-11-23T03:15:00,legit
pred_004727,2025-11-29T04:22:00,legit
pred_004732,2025-11-25T05:04:00,legit
pred_004738,2025-11-20T07:15:00,legit
pred_004742,2025-11-21T08:08:00,legit
pred_004746,2025-11-22T09:18:00,legit
pred_004747,2025-11-18T09:22:00,legit
pred_004753,2025-11-23T10:55:00,legit
pred_004754,2025-11-20T11:54:00,legit
pred_004758,2025-11-25T13:42:00,fraud
pred_004763,2025-11-18T14:22:00,legit
pred_004767,2025-11-27T15:12:00,legit
pred_004777,2025-11-28T18:30:00,legit
pred_004789,2025-11-23T00:27:00,legit
pred_004804,2025-11-22T05:19:00,fraud
pred_004809,2025-11-21T06:42:00,unclear
pred_004818,2025-11-21T09:57:00,legit
pred_004824,2025-11-23T11:27:00,legit
pred_004829,2025-11-28T13:02:00,legit
pred_004831,2025-11-20T14:00:00,unclear
pred_004835,2025-11-29T14:26:00,legit
pred_004836,2025-11-20T14:56:00,legit
pred_004837,2025-11-27T15:13:00,legit
pred_004839,2025-11-28T15:40:00,legit
pred_004840,2025-11-23T16:02:00,legit
pred_004842,2025-11-29T16:33:00,legit
pred_004843,2025-11-21T16:43:00,legit
pred_004844,2025-11-23T16:51:00,legit
pred_004855,2025-11-29T23:00:00,legit
pred_004857,2025-11-22T00:15:00,legit
pred_004865,2025-11-23T03:18:00,fraud
pred_004871,2025-11-29T06:00:00,unclear
pred_004874,2025-11-26T07:09:00,legit
pred_004881,2025-11-20T08:52:00,legit
pred_004888,2025-11-20T11:22:00,legit
pred_004894,2025-11-27T12:38:00,legit
pred_004902,2025-11-22T14:22:00,legit
pred_004920,2025-11-23T23:46:00,legit
pred_004934,2025-11-28T03:54:00,legit
pred_004946,2025-11-24T07:40:00,legit
pred_004948,2025-11-25T08:14:00,unclear
pred_004949,2025-11-23T08:30:00,legit
pred_004959,2025-11-25T11:36:00,legit
pred_004973,2025-11-25T16:54:00,legit
pred_004975,2025-11-29T17:59:00,legit
pred_004978,2025-11-27T18:50:00,legit
pred_004985,2025-11-24T19:57:00,legit
pred_004995,2025-11-22T23:45:00,legit
pred_004997,2025-11-23T00:17:00,legit
pred_005002,2025-11-25T01:29:00,legit
pred_005006,2025-11-29T02:11:00,legit
pred_005007,2025-11-25T02:38:00,legit
pred_005017,2025-11-22T04:11:00,fraud
pred_005039,2025-11-23T15:17:00,legit
pred_005044,2025-11-26T17:10:00,legit
pred_005072,2025-11-27T00:09:00,legit
pred_005083,2025-11-23T03:06:00,legit
pred_005098,2025-11-25T07:27:00,legit
pred_005105,2025-11-24T11:19:00,unclear
pred_005110,2025-11-26T13:06:00,legit
pred_005115,2025-11-27T14:52:00,legit
pred_005117,2025-11-23T14:58:00,legit
pred_005124,2025-11-29T16:55:00,legit
pred_005129,2025-11-29T18:24:00,legit
pred_005130,2025-11-23T19:07:00,legit
pred_005137,2025-11-23T22:16:00,legit
pred_005138,2025-11-26T22:29:00,legit
pred_005139,2025-11-26T22:31:00,legit
pred_005149,2025-11-29T02:46:00,legit
pred_005164,2025-11-29T08:00:00,legit
pred_005165,2025-11-26T08:45:00,unclear
pred_005169,2025-11-25T09:40:00,legit
pred_005187,2025-11-27T16:11:00,legit
pred_005200,2025-11-24T20:30:00,legit
pred_005223,2025-11-28T03:14:00,legit
pred_005236,2025-11-25T09:56:00,legit
pred_005274,2025-11-29T23:48:00,legit
pred_005283,2025-11-26T02:50:00,legit
pred_005299,2025-11-27T07:30:00,legit
pred_005318,2025-11-27T13:33:00,legit
pred_005325,2025-11-29T15:40:00,legit
pred_005328,2025-11-28T16:10:00,legit
pred_005358,2025-11-28T01:02:00,legit
pred_005362,2025-11-27T02:54:00,legit
pred_005371,2025-11-29T05:20:00,legit
pred_005389,2025-11-27T12:48:00,legit
pred_005467,2025-11-28T15:39:00,legit
